trial,testing,parameters,initial_deadline,final_deadline,net_reward,actions,success
1,False,"{'a': 0.05, 'e': 0.9753099120283326}",25,0,-132.18090286847334,"{0: 12, 1: 3, 2: 9, 3: 0, 4: 1}",0
2,False,"{'a': 0.05, 'e': 0.9512294245007139}",30,0,-149.87893642822445,"{0: 16, 1: 5, 2: 6, 3: 2, 4: 1}",0
3,False,"{'a': 0.05, 'e': 0.9277434863285529}",20,0,-115.1709500138275,"{0: 12, 1: 2, 2: 4, 3: 0, 4: 2}",0
4,False,"{'a': 0.05, 'e': 0.9048374180359595}",25,0,-255.90550913035128,"{0: 11, 1: 4, 2: 5, 3: 0, 4: 5}",0
5,False,"{'a': 0.05, 'e': 0.8824969025845953}",25,0,-203.2538742258132,"{0: 12, 1: 3, 2: 5, 3: 2, 4: 3}",0
6,False,"{'a': 0.05, 'e': 0.8607079764250578}",20,0,-47.687352046204595,"{0: 16, 1: 1, 2: 2, 3: 0, 4: 1}",0
7,False,"{'a': 0.05, 'e': 0.8394570207692074}",25,7,-97.4666017104885,"{0: 12, 1: 1, 2: 3, 3: 0, 4: 2}",1
8,False,"{'a': 0.05, 'e': 0.8187307530779818}",20,4,14.138223849020026,"{0: 15, 1: 0, 2: 1, 3: 0, 4: 0}",1
9,False,"{'a': 0.05, 'e': 0.798516218759377}",25,0,-151.00733567215744,"{0: 13, 1: 1, 2: 8, 3: 2, 4: 1}",0
10,False,"{'a': 0.05, 'e': 0.7788007830714049}",30,23,11.388765187508945,"{0: 7, 1: 0, 2: 0, 3: 0, 4: 0}",1
11,False,"{'a': 0.05, 'e': 0.7595721232249685}",25,0,-45.19459445178631,"{0: 20, 1: 2, 2: 1, 3: 1, 4: 1}",0
12,False,"{'a': 0.05, 'e': 0.7408182206817179}",35,15,-112.66809282330802,"{0: 12, 1: 1, 2: 5, 3: 0, 4: 2}",1
13,False,"{'a': 0.05, 'e': 0.7225273536420722}",30,0,-185.4594804863082,"{0: 18, 1: 3, 2: 5, 3: 1, 4: 3}",0
14,False,"{'a': 0.05, 'e': 0.7046880897187134}",30,8,-17.073163513482594,"{0: 17, 1: 1, 2: 4, 3: 0, 4: 0}",1
15,False,"{'a': 0.05, 'e': 0.6872892787909722}",25,0,-43.12511460685114,"{0: 21, 1: 1, 2: 1, 3: 1, 4: 1}",1
16,False,"{'a': 0.05, 'e': 0.6703200460356393}",25,7,-29.44943339792963,"{0: 13, 1: 1, 2: 4, 3: 0, 4: 0}",1
17,False,"{'a': 0.05, 'e': 0.6537697851298473}",20,0,-111.7154317434834,"{0: 11, 1: 1, 2: 6, 3: 1, 4: 1}",1
18,False,"{'a': 0.05, 'e': 0.6376281516217732}",25,0,-151.8342104699219,"{0: 16, 1: 2, 2: 4, 3: 0, 4: 3}",0
19,False,"{'a': 0.05, 'e': 0.62188505646502}",20,0,-17.16095792545025,"{0: 16, 1: 0, 2: 4, 3: 0, 4: 0}",0
20,False,"{'a': 0.05, 'e': 0.6065306597126334}",25,0,-27.54578450806216,"{0: 21, 1: 0, 2: 2, 3: 2, 4: 0}",0
21,False,"{'a': 0.05, 'e': 0.5915553643668151}",25,0,-67.61429158868425,"{0: 19, 1: 0, 2: 5, 3: 0, 4: 1}",0
22,False,"{'a': 0.05, 'e': 0.5769498103804866}",20,0,-33.022301952116734,"{0: 17, 1: 2, 2: 0, 3: 0, 4: 1}",0
23,False,"{'a': 0.05, 'e': 0.5627048688069557}",30,3,-84.85508071227397,"{0: 22, 1: 1, 2: 1, 3: 1, 4: 2}",1
24,False,"{'a': 0.05, 'e': 0.5488116360940264}",20,4,10.268804752633455,"{0: 14, 1: 2, 2: 0, 3: 0, 4: 0}",1
25,False,"{'a': 0.05, 'e': 0.5352614285189903}",25,2,17.043000680420857,"{0: 21, 1: 1, 2: 1, 3: 0, 4: 0}",1
26,False,"{'a': 0.05, 'e': 0.522045776761016}",25,0,-63.148737859832615,"{0: 21, 1: 0, 2: 1, 3: 2, 4: 1}",0
27,False,"{'a': 0.05, 'e': 0.5091564206075491}",35,25,5.971498686264997,"{0: 9, 1: 0, 2: 1, 3: 0, 4: 0}",1
28,False,"{'a': 0.05, 'e': 0.49658530379140947}",20,0,-49.09954552109311,"{0: 15, 1: 2, 2: 2, 3: 0, 4: 1}",0
29,False,"{'a': 0.05, 'e': 0.4843245689553624}",30,12,-65.88589315735607,"{0: 15, 1: 0, 2: 1, 3: 0, 4: 2}",1
30,False,"{'a': 0.05, 'e': 0.4723665527410147}",20,0,-36.65639944322485,"{0: 17, 1: 0, 2: 2, 3: 0, 4: 1}",0
31,False,"{'a': 0.05, 'e': 0.4607037809989658}",25,0,-17.07860163673742,"{0: 19, 1: 3, 2: 3, 3: 0, 4: 0}",0
32,False,"{'a': 0.05, 'e': 0.44932896411722156}",20,0,-28.76772193592296,"{0: 14, 1: 2, 2: 4, 3: 0, 4: 0}",0
33,False,"{'a': 0.05, 'e': 0.4382349924649492}",20,0,-109.99611067799923,"{0: 13, 1: 4, 2: 0, 3: 1, 4: 2}",0
34,False,"{'a': 0.05, 'e': 0.4274149319487266}",25,0,-22.454636294024336,"{0: 19, 1: 2, 2: 4, 3: 0, 4: 0}",0
35,False,"{'a': 0.05, 'e': 0.4168620196785084}",25,11,-50.03899246822358,"{0: 10, 1: 0, 2: 3, 3: 0, 4: 1}",1
36,False,"{'a': 0.05, 'e': 0.40656965974059905}",25,0,-39.43466000416305,"{0: 22, 1: 0, 2: 2, 3: 0, 4: 1}",0
37,False,"{'a': 0.05, 'e': 0.3965314190749929}",20,4,-24.65363988309796,"{0: 14, 1: 1, 2: 0, 3: 0, 4: 1}",1
38,False,"{'a': 0.05, 'e': 0.3867410234545012}",20,0,-17.95903677099945,"{0: 18, 1: 1, 2: 0, 3: 0, 4: 1}",0
39,False,"{'a': 0.05, 'e': 0.3771923535631569}",20,1,12.952495491637416,"{0: 17, 1: 2, 2: 0, 3: 0, 4: 0}",1
40,False,"{'a': 0.05, 'e': 0.36787944117144233}",35,0,-81.83360095229818,"{0: 26, 1: 1, 2: 7, 3: 0, 4: 1}",0
41,False,"{'a': 0.05, 'e': 0.35879646540595156}",20,0,-2.425168284768591,"{0: 17, 1: 1, 2: 2, 3: 0, 4: 0}",0
42,False,"{'a': 0.05, 'e': 0.3499377491111553}",20,0,6.553300174735356,"{0: 18, 1: 0, 2: 2, 3: 0, 4: 0}",0
43,False,"{'a': 0.05, 'e': 0.3412977553009937}",25,2,15.728807813856005,"{0: 21, 1: 1, 2: 1, 3: 0, 4: 0}",1
44,False,"{'a': 0.05, 'e': 0.3328710836980795}",20,0,-21.92578033499702,"{0: 15, 1: 2, 2: 3, 3: 0, 4: 0}",0
45,False,"{'a': 0.05, 'e': 0.32465246735834974}",20,0,22.517904712846093,"{0: 19, 1: 1, 2: 0, 3: 0, 4: 0}",1
46,False,"{'a': 0.05, 'e': 0.31663676937905316}",25,0,-33.57977517813482,"{0: 22, 1: 0, 2: 2, 3: 0, 4: 1}",0
47,False,"{'a': 0.05, 'e': 0.3088189796880198}",25,13,-3.238796164489761,"{0: 10, 1: 0, 2: 2, 3: 0, 4: 0}",1
48,False,"{'a': 0.05, 'e': 0.301194211912202}",20,5,-47.11563882060655,"{0: 11, 1: 2, 2: 1, 3: 0, 4: 1}",1
49,False,"{'a': 0.05, 'e': 0.2937577003235328}",20,5,-29.03550209585041,"{0: 12, 1: 0, 2: 1, 3: 2, 4: 0}",1
50,False,"{'a': 0.05, 'e': 0.2865047968601901}",25,16,-27.250260571142658,"{0: 8, 1: 0, 2: 0, 3: 0, 4: 1}",1
51,False,"{'a': 0.05, 'e': 0.2794309682214073}",20,0,4.193768487127002,"{0: 17, 1: 2, 2: 1, 3: 0, 4: 0}",0
52,False,"{'a': 0.05, 'e': 0.2725317930340126}",20,8,21.616062845499407,"{0: 12, 1: 0, 2: 0, 3: 0, 4: 0}",1
53,False,"{'a': 0.05, 'e': 0.26580295908892654}",25,5,11.506050270019163,"{0: 18, 1: 0, 2: 2, 3: 0, 4: 0}",1
54,False,"{'a': 0.05, 'e': 0.2592402606458915}",25,0,24.674130577790745,"{0: 24, 1: 1, 2: 0, 3: 0, 4: 0}",0
55,False,"{'a': 0.05, 'e': 0.25283959580474646}",25,12,9.28058839894911,"{0: 12, 1: 0, 2: 1, 3: 0, 4: 0}",1
56,False,"{'a': 0.05, 'e': 0.24659696394160643}",20,3,-25.619428369563582,"{0: 15, 1: 1, 2: 0, 3: 0, 4: 1}",1
57,False,"{'a': 0.05, 'e': 0.24050846320834215}",25,0,-20.971394970352392,"{0: 19, 1: 3, 2: 3, 3: 0, 4: 0}",1
58,False,"{'a': 0.05, 'e': 0.2345702880937976}",25,8,-40.18491977670511,"{0: 15, 1: 0, 2: 0, 3: 1, 4: 1}",1
59,False,"{'a': 0.05, 'e': 0.22877872704522242}",30,0,21.156872588653492,"{0: 28, 1: 0, 2: 2, 3: 0, 4: 0}",0
60,False,"{'a': 0.05, 'e': 0.22313016014842985}",25,8,-11.765495776520426,"{0: 16, 1: 0, 2: 0, 3: 0, 4: 1}",1
61,False,"{'a': 0.05, 'e': 0.21762105686523284}",30,16,-7.210807522972676,"{0: 12, 1: 0, 2: 1, 3: 1, 4: 0}",1
62,False,"{'a': 0.05, 'e': 0.21224797382674304}",30,11,-24.40119868688875,"{0: 16, 1: 1, 2: 1, 3: 0, 4: 1}",1
63,False,"{'a': 0.05, 'e': 0.20700755268115262}",20,11,17.569148855480993,"{0: 9, 1: 0, 2: 0, 3: 0, 4: 0}",1
64,False,"{'a': 0.05, 'e': 0.2018965179946554}",30,4,-20.5578590601648,"{0: 23, 1: 0, 2: 2, 3: 0, 4: 1}",1
65,False,"{'a': 0.05, 'e': 0.19691167520419403}",25,0,-31.451405974004977,"{0: 22, 1: 0, 2: 2, 3: 0, 4: 1}",0
66,False,"{'a': 0.05, 'e': 0.19204990862075408}",30,12,-7.080709419031836,"{0: 17, 1: 0, 2: 0, 3: 0, 4: 1}",1
67,False,"{'a': 0.05, 'e': 0.18730817948195702}",30,9,-13.737331448477974,"{0: 19, 1: 1, 2: 0, 3: 0, 4: 1}",1
68,False,"{'a': 0.05, 'e': 0.1826835240527346}",35,15,21.987599119812582,"{0: 19, 1: 0, 2: 1, 3: 0, 4: 0}",1
69,False,"{'a': 0.05, 'e': 0.1781730517728984}",25,17,15.680027073621694,"{0: 8, 1: 0, 2: 0, 3: 0, 4: 0}",1
70,False,"{'a': 0.05, 'e': 0.1737739434504451}",20,0,-8.065889778555086,"{0: 18, 1: 0, 2: 1, 3: 1, 4: 0}",0
71,False,"{'a': 0.05, 'e': 0.16948344949947006}",25,0,27.65317539653607,"{0: 24, 1: 0, 2: 1, 3: 0, 4: 0}",0
72,False,"{'a': 0.05, 'e': 0.16529888822158653}",25,14,22.36148131572181,"{0: 11, 1: 0, 2: 0, 3: 0, 4: 0}",1
73,False,"{'a': 0.05, 'e': 0.16121764412977674}",25,7,23.27368799104019,"{0: 17, 1: 1, 2: 0, 3: 0, 4: 0}",1
74,False,"{'a': 0.05, 'e': 0.1572371663136276}",25,0,23.017054904983667,"{0: 23, 1: 1, 2: 1, 3: 0, 4: 0}",0
75,False,"{'a': 0.05, 'e': 0.15335496684492847}",20,13,16.417375604876,"{0: 7, 1: 0, 2: 0, 3: 0, 4: 0}",1
76,False,"{'a': 0.05, 'e': 0.14956861922263504}",25,7,28.51607951787029,"{0: 18, 1: 0, 2: 0, 3: 0, 4: 0}",1
77,False,"{'a': 0.05, 'e': 0.14587575685622736}",30,19,16.720870366474788,"{0: 11, 1: 0, 2: 0, 3: 0, 4: 0}",1
78,False,"{'a': 0.05, 'e': 0.14227407158651353}",20,11,-8.722715763973504,"{0: 7, 1: 0, 2: 2, 3: 0, 4: 0}",1
79,False,"{'a': 0.05, 'e': 0.13876131224295524}",20,0,7.418404193510082,"{0: 18, 1: 0, 2: 2, 3: 0, 4: 0}",0
80,False,"{'a': 0.05, 'e': 0.1353352832366127}",20,11,-26.11184505540674,"{0: 8, 1: 0, 2: 0, 3: 0, 4: 1}",1
81,False,"{'a': 0.05, 'e': 0.13199384318783022}",20,9,19.9796533704272,"{0: 11, 1: 0, 2: 0, 3: 0, 4: 0}",1
82,False,"{'a': 0.05, 'e': 0.12873490358780418}",25,0,-11.919706173290617,"{0: 24, 1: 0, 2: 0, 3: 0, 4: 1}",0
83,False,"{'a': 0.05, 'e': 0.1255564274931972}",20,5,26.83004502641728,"{0: 15, 1: 0, 2: 0, 3: 0, 4: 0}",1
84,False,"{'a': 0.05, 'e': 0.12245642825298189}",20,8,15.427545619078531,"{0: 11, 1: 1, 2: 0, 3: 0, 4: 0}",1
85,False,"{'a': 0.05, 'e': 0.11943296826671962}",25,13,9.392285900018736,"{0: 11, 1: 0, 2: 1, 3: 0, 4: 0}",1
86,False,"{'a': 0.05, 'e': 0.11648415777349697}",25,5,31.97158279881677,"{0: 20, 1: 0, 2: 0, 3: 0, 4: 0}",1
87,False,"{'a': 0.05, 'e': 0.11360815367076371}",20,3,20.25780553065797,"{0: 16, 1: 1, 2: 0, 3: 0, 4: 0}",1
88,False,"{'a': 0.05, 'e': 0.11080315836233387}",20,0,20.487857830053674,"{0: 19, 1: 0, 2: 1, 3: 0, 4: 0}",0
89,False,"{'a': 0.05, 'e': 0.10806741863482927}",20,0,-54.89412193255392,"{0: 18, 1: 0, 2: 0, 3: 0, 4: 2}",0
90,False,"{'a': 0.05, 'e': 0.10539922456186433}",20,6,16.379013836251158,"{0: 13, 1: 1, 2: 0, 3: 0, 4: 0}",1
91,False,"{'a': 0.05, 'e': 0.1027969084352864}",20,2,-13.176784544448864,"{0: 17, 1: 0, 2: 0, 3: 0, 4: 1}",1
92,False,"{'a': 0.05, 'e': 0.1002588437228037}",30,15,27.262187345597113,"{0: 15, 1: 0, 2: 0, 3: 0, 4: 0}",1
93,False,"{'a': 0.05, 'e': 0.09778344405135005}",25,10,14.377986489003762,"{0: 14, 1: 0, 2: 1, 3: 0, 4: 0}",1
94,False,"{'a': 0.05, 'e': 0.09536916221554961}",20,0,-18.027136379650727,"{0: 19, 1: 0, 2: 0, 3: 0, 4: 1}",0
95,False,"{'a': 0.05, 'e': 0.09301448921066349}",20,14,10.611791300623992,"{0: 6, 1: 0, 2: 0, 3: 0, 4: 0}",1
96,False,"{'a': 0.05, 'e': 0.09071795328941248}",35,21,10.025894422193206,"{0: 13, 1: 0, 2: 1, 3: 0, 4: 0}",1
97,False,"{'a': 0.05, 'e': 0.08847811904208727}",30,7,-12.900076939253028,"{0: 21, 1: 0, 2: 1, 3: 0, 4: 1}",1
98,False,"{'a': 0.05, 'e': 0.0862935864993705}",25,14,18.991901287062902,"{0: 11, 1: 0, 2: 0, 3: 0, 4: 0}",1
99,False,"{'a': 0.05, 'e': 0.08416299025731036}",25,13,15.923940520881336,"{0: 11, 1: 1, 2: 0, 3: 0, 4: 0}",1
100,False,"{'a': 0.05, 'e': 0.0820849986238988}",20,6,27.3688670236805,"{0: 14, 1: 0, 2: 0, 3: 0, 4: 0}",1
101,False,"{'a': 0.05, 'e': 0.08005831278672051}",20,15,8.871883318777675,"{0: 5, 1: 0, 2: 0, 3: 0, 4: 0}",1
102,False,"{'a': 0.05, 'e': 0.07808166600115313}",30,23,15.767587824018054,"{0: 7, 1: 0, 2: 0, 3: 0, 4: 0}",1
103,False,"{'a': 0.05, 'e': 0.07615382279861033}",20,11,18.074846384063182,"{0: 9, 1: 0, 2: 0, 3: 0, 4: 0}",1
104,False,"{'a': 0.05, 'e': 0.07427357821433388}",20,7,23.871762869431496,"{0: 13, 1: 0, 2: 0, 3: 0, 4: 0}",1
105,False,"{'a': 0.05, 'e': 0.07243975703425147}",20,7,28.22830160367776,"{0: 13, 1: 0, 2: 0, 3: 0, 4: 0}",1
106,False,"{'a': 0.05, 'e': 0.07065121306042955}",20,1,24.53691182947492,"{0: 19, 1: 0, 2: 0, 3: 0, 4: 0}",1
107,False,"{'a': 0.05, 'e': 0.06890682839466256}",20,0,31.53630295746636,"{0: 20, 1: 0, 2: 0, 3: 0, 4: 0}",0
108,False,"{'a': 0.05, 'e': 0.06720551273974976}",30,15,13.077845209264543,"{0: 14, 1: 0, 2: 1, 3: 0, 4: 0}",1
109,False,"{'a': 0.05, 'e': 0.06554620271802433}",35,12,24.755388058051334,"{0: 22, 1: 0, 2: 1, 3: 0, 4: 0}",1
110,False,"{'a': 0.05, 'e': 0.06392786120670757}",20,8,-1.1985732161461033,"{0: 11, 1: 0, 2: 0, 3: 1, 4: 0}",1
111,False,"{'a': 0.05, 'e': 0.062349476689673396}",20,13,12.340556941211428,"{0: 7, 1: 0, 2: 0, 3: 0, 4: 0}",1
112,False,"{'a': 0.05, 'e': 0.060810062625217945}",25,8,29.773963610111114,"{0: 17, 1: 0, 2: 0, 3: 0, 4: 0}",1
113,False,"{'a': 0.05, 'e': 0.05930865682943872}",25,7,28.007631276853818,"{0: 18, 1: 0, 2: 0, 3: 0, 4: 0}",1
114,False,"{'a': 0.05, 'e': 0.05784432087483846}",30,11,24.057283491546755,"{0: 18, 1: 0, 2: 1, 3: 0, 4: 0}",1
115,False,"{'a': 0.05, 'e': 0.05641613950377734}",20,10,17.181765779990503,"{0: 10, 1: 0, 2: 0, 3: 0, 4: 0}",1
116,False,"{'a': 0.05, 'e': 0.05502322005640721}",20,16,8.554388938781443,"{0: 4, 1: 0, 2: 0, 3: 0, 4: 0}",1
117,False,"{'a': 0.05, 'e': 0.053664691912730114}",30,14,33.11647158617048,"{0: 16, 1: 0, 2: 0, 3: 0, 4: 0}",1
118,False,"{'a': 0.05, 'e': 0.05233970594843238}",30,5,41.24405451423949,"{0: 25, 1: 0, 2: 0, 3: 0, 4: 0}",1
119,False,"{'a': 0.05, 'e': 0.05104743400415439}",20,3,23.76457650846145,"{0: 17, 1: 0, 2: 0, 3: 0, 4: 0}",1
120,False,"{'a': 0.05, 'e': 0.049787068367863944}",20,9,19.922941777885768,"{0: 11, 1: 0, 2: 0, 3: 0, 4: 0}",1
121,False,"{'a': 0.05, 'e': 0.04855782127000995}",20,2,24.877520869550956,"{0: 17, 1: 1, 2: 0, 3: 0, 4: 0}",1
122,False,"{'a': 0.05, 'e': 0.047358924391140915}",20,14,12.457623466614919,"{0: 6, 1: 0, 2: 0, 3: 0, 4: 0}",1
123,False,"{'a': 0.05, 'e': 0.0461896283816801}",25,2,38.08460667841477,"{0: 23, 1: 0, 2: 0, 3: 0, 4: 0}",1
124,False,"{'a': 0.05, 'e': 0.0450492023935578}",30,12,28.736582341106,"{0: 18, 1: 0, 2: 0, 3: 0, 4: 0}",1
125,False,"{'a': 0.05, 'e': 0.04393693362340741}",25,0,35.98508145967161,"{0: 25, 1: 0, 2: 0, 3: 0, 4: 0}",0
126,False,"{'a': 0.05, 'e': 0.042852126867040166}",20,0,25.056849753542004,"{0: 20, 1: 0, 2: 0, 3: 0, 4: 0}",0
127,False,"{'a': 0.05, 'e': 0.041794104084919896}",25,8,-10.165364200894066,"{0: 16, 1: 0, 2: 0, 3: 0, 4: 1}",1
128,False,"{'a': 0.05, 'e': 0.04076220397836621}",20,0,24.21045780765746,"{0: 20, 1: 0, 2: 0, 3: 0, 4: 0}",0
129,False,"{'a': 0.05, 'e': 0.0397557815762213}",20,4,18.50596555015342,"{0: 15, 1: 1, 2: 0, 3: 0, 4: 0}",1
130,False,"{'a': 0.05, 'e': 0.03877420783172201}",30,15,23.925283259322782,"{0: 15, 1: 0, 2: 0, 3: 0, 4: 0}",1
131,False,"{'a': 0.05, 'e': 0.03781686922932507}",25,2,25.65428597033302,"{0: 22, 1: 0, 2: 1, 3: 0, 4: 0}",1
132,False,"{'a': 0.05, 'e': 0.036883167401239994}",25,3,37.08077386755053,"{0: 22, 1: 0, 2: 0, 3: 0, 4: 0}",1
133,False,"{'a': 0.05, 'e': 0.035972518753429654}",20,10,20.147861407297135,"{0: 10, 1: 0, 2: 0, 3: 0, 4: 0}",1
134,False,"{'a': 0.05, 'e': 0.03508435410084502}",25,17,6.092552242454399,"{0: 7, 1: 1, 2: 0, 3: 0, 4: 0}",1
135,False,"{'a': 0.05, 'e': 0.03421811831166603}",25,6,35.05534646547579,"{0: 19, 1: 0, 2: 0, 3: 0, 4: 0}",1
136,False,"{'a': 0.05, 'e': 0.033373269960326066}",20,3,25.229737577878254,"{0: 17, 1: 0, 2: 0, 3: 0, 4: 0}",1
137,False,"{'a': 0.05, 'e': 0.03254928098910342}",25,5,32.47449836775869,"{0: 20, 1: 0, 2: 0, 3: 0, 4: 0}",1
138,False,"{'a': 0.05, 'e': 0.03174563637806794}",30,7,37.079259066947955,"{0: 23, 1: 0, 2: 0, 3: 0, 4: 0}",1
139,False,"{'a': 0.05, 'e': 0.03096183382317688}",20,11,17.65225665607923,"{0: 9, 1: 0, 2: 0, 3: 0, 4: 0}",1
140,False,"{'a': 0.05, 'e': 0.030197383422318504}",20,10,17.326651177083267,"{0: 10, 1: 0, 2: 0, 3: 0, 4: 0}",1
141,False,"{'a': 0.05, 'e': 0.02945180736910728}",20,0,28.817862493050303,"{0: 20, 1: 0, 2: 0, 3: 0, 4: 0}",0
142,False,"{'a': 0.05, 'e': 0.028724639654239423}",20,0,28.586909647126387,"{0: 20, 1: 0, 2: 0, 3: 0, 4: 0}",0
143,False,"{'a': 0.05, 'e': 0.028015425774221808}",20,0,-10.429429775104305,"{0: 19, 1: 0, 2: 0, 3: 0, 4: 1}",1
144,False,"{'a': 0.05, 'e': 0.02732372244729256}",20,14,12.677895569244336,"{0: 6, 1: 0, 2: 0, 3: 0, 4: 0}",1
145,False,"{'a': 0.05, 'e': 0.026649097336355485}",35,7,-22.461612237162537,"{0: 26, 1: 0, 2: 0, 3: 1, 4: 1}",1
146,False,"{'a': 0.05, 'e': 0.025991128778755333}",25,2,26.601383363560764,"{0: 23, 1: 0, 2: 0, 3: 0, 4: 0}",1
147,False,"{'a': 0.05, 'e': 0.025349405522724935}",25,11,27.886176703977394,"{0: 14, 1: 0, 2: 0, 3: 0, 4: 0}",1
148,False,"{'a': 0.05, 'e': 0.024723526470339385}",20,8,26.29107670289444,"{0: 12, 1: 0, 2: 0, 3: 0, 4: 0}",1
149,False,"{'a': 0.05, 'e': 0.02411310042681686}",25,11,22.79750287761298,"{0: 14, 1: 0, 2: 0, 3: 0, 4: 0}",1
150,False,"{'a': 0.05, 'e': 0.023517745856009107}",25,4,37.6103219907069,"{0: 21, 1: 0, 2: 0, 3: 0, 4: 0}",1
151,False,"{'a': 0.05, 'e': 0.02293709064192892}",25,10,27.17429705954292,"{0: 15, 1: 0, 2: 0, 3: 0, 4: 0}",1
152,False,"{'a': 0.05, 'e': 0.02237077185616559}",30,0,45.421969636984,"{0: 30, 1: 0, 2: 0, 3: 0, 4: 0}",0
153,False,"{'a': 0.05, 'e': 0.021818435531042762}",30,8,35.70272683203472,"{0: 22, 1: 0, 2: 0, 3: 0, 4: 0}",1
154,False,"{'a': 0.05, 'e': 0.02127973643837717}",25,11,24.543530576257258,"{0: 14, 1: 0, 2: 0, 3: 0, 4: 0}",1
155,False,"{'a': 0.05, 'e': 0.020754337873699742}",20,13,14.193605964893303,"{0: 7, 1: 0, 2: 0, 3: 0, 4: 0}",1
156,False,"{'a': 0.05, 'e': 0.020241911445804384}",25,3,35.72170531599349,"{0: 22, 1: 0, 2: 0, 3: 0, 4: 0}",1
157,False,"{'a': 0.05, 'e': 0.019742136871492774}",20,13,14.015491674197019,"{0: 7, 1: 0, 2: 0, 3: 0, 4: 0}",1
158,False,"{'a': 0.05, 'e': 0.01925470177538692}",20,0,30.42342521333404,"{0: 20, 1: 0, 2: 0, 3: 0, 4: 0}",0
159,False,"{'a': 0.05, 'e': 0.0187793014946844}",20,8,14.338029844633812,"{0: 12, 1: 0, 2: 0, 3: 0, 4: 0}",1
160,False,"{'a': 0.05, 'e': 0.018315638888734182}",25,13,22.911851554402347,"{0: 12, 1: 0, 2: 0, 3: 0, 4: 0}",1
161,False,"{'a': 0.05, 'e': 0.017863424153314034}",25,10,29.16081790589008,"{0: 15, 1: 0, 2: 0, 3: 0, 4: 0}",1
162,False,"{'a': 0.05, 'e': 0.017422374639493515}",20,6,19.880930261109867,"{0: 14, 1: 0, 2: 0, 3: 0, 4: 0}",1
163,False,"{'a': 0.05, 'e': 0.016992214676969066}",20,5,29.77273188998833,"{0: 15, 1: 0, 2: 0, 3: 0, 4: 0}",1
164,False,"{'a': 0.05, 'e': 0.01657267540176124}",20,16,7.461786213123114,"{0: 4, 1: 0, 2: 0, 3: 0, 4: 0}",1
165,False,"{'a': 0.05, 'e': 0.016163494588165874}",25,13,17.231644216293446,"{0: 11, 1: 1, 2: 0, 3: 0, 4: 0}",1
166,False,"{'a': 0.05, 'e': 0.015764416484854486}",30,10,34.90688570468944,"{0: 20, 1: 0, 2: 0, 3: 0, 4: 0}",1
167,False,"{'a': 0.05, 'e': 0.015375191655021435}",20,10,18.255222023963217,"{0: 10, 1: 0, 2: 0, 3: 0, 4: 0}",1
168,False,"{'a': 0.05, 'e': 0.014995576820477703}",30,7,39.62858761718759,"{0: 23, 1: 0, 2: 0, 3: 0, 4: 0}",1
169,False,"{'a': 0.05, 'e': 0.01462533470959421}",25,18,12.192195901003348,"{0: 7, 1: 0, 2: 0, 3: 0, 4: 0}",1
170,False,"{'a': 0.05, 'e': 0.014264233908999256}",25,4,35.85949119347308,"{0: 21, 1: 0, 2: 0, 3: 0, 4: 0}",1
171,False,"{'a': 0.05, 'e': 0.013912048718937618}",25,0,34.81754009855734,"{0: 25, 1: 0, 2: 0, 3: 0, 4: 0}",0
172,False,"{'a': 0.05, 'e': 0.013568559012200934}",20,13,12.733827881024528,"{0: 7, 1: 0, 2: 0, 3: 0, 4: 0}",1
173,False,"{'a': 0.05, 'e': 0.013233550096540928}",20,10,19.37862388334256,"{0: 10, 1: 0, 2: 0, 3: 0, 4: 0}",1
174,False,"{'a': 0.05, 'e': 0.012906812580479862}",20,0,27.56571052979647,"{0: 20, 1: 0, 2: 0, 3: 0, 4: 0}",0
175,False,"{'a': 0.05, 'e': 0.012588142242433998}",20,10,17.740955911889692,"{0: 10, 1: 0, 2: 0, 3: 0, 4: 0}",1
176,False,"{'a': 0.05, 'e': 0.012277339903068438}",20,3,27.82058397311783,"{0: 17, 1: 0, 2: 0, 3: 0, 4: 0}",1
177,False,"{'a': 0.05, 'e': 0.011974211300803622}",30,21,16.940096660686486,"{0: 9, 1: 0, 2: 0, 3: 0, 4: 0}",1
178,False,"{'a': 0.05, 'e': 0.011678566970395444}",25,15,18.447976906931988,"{0: 10, 1: 0, 2: 0, 3: 0, 4: 0}",1
179,False,"{'a': 0.05, 'e': 0.011390222124513367}",20,0,30.190481493966956,"{0: 20, 1: 0, 2: 0, 3: 0, 4: 0}",0
180,False,"{'a': 0.05, 'e': 0.011108996538242306}",20,10,-6.070283833976433,"{0: 9, 1: 0, 2: 0, 3: 1, 4: 0}",1
181,False,"{'a': 0.05, 'e': 0.010834714436436153}",25,11,21.848215574828494,"{0: 14, 1: 0, 2: 0, 3: 0, 4: 0}",1
182,False,"{'a': 0.05, 'e': 0.010567204383852655}",20,11,12.751982709379945,"{0: 9, 1: 0, 2: 0, 3: 0, 4: 0}",1
183,False,"{'a': 0.05, 'e': 0.01030629917800074}",25,0,37.743094655855685,"{0: 25, 1: 0, 2: 0, 3: 0, 4: 0}",0
184,False,"{'a': 0.05, 'e': 0.010051835744633576}",20,0,8.510940725761749,"{0: 19, 1: 0, 2: 0, 3: 1, 4: 0}",0
185,False,"{'a': 0.05, 'e': 0.009803655035821828}",20,9,19.326069897313793,"{0: 11, 1: 0, 2: 0, 3: 0, 4: 0}",1
1,True,"{'a': 0, 'e': 0}",25,15,19.41382297966198,"{0: 10, 1: 0, 2: 0, 3: 0, 4: 0}",1
2,True,"{'a': 0, 'e': 0}",25,9,24.20460388756217,"{0: 16, 1: 0, 2: 0, 3: 0, 4: 0}",1
3,True,"{'a': 0, 'e': 0}",20,0,34.10591808926063,"{0: 20, 1: 0, 2: 0, 3: 0, 4: 0}",0
4,True,"{'a': 0, 'e': 0}",30,22,15.409381003386196,"{0: 8, 1: 0, 2: 0, 3: 0, 4: 0}",1
5,True,"{'a': 0, 'e': 0}",20,5,23.09570761259395,"{0: 15, 1: 0, 2: 0, 3: 0, 4: 0}",1
6,True,"{'a': 0, 'e': 0}",20,10,19.9919724414876,"{0: 10, 1: 0, 2: 0, 3: 0, 4: 0}",1
7,True,"{'a': 0, 'e': 0}",25,0,33.52304277983944,"{0: 25, 1: 0, 2: 0, 3: 0, 4: 0}",0
8,True,"{'a': 0, 'e': 0}",20,10,16.04201904443963,"{0: 10, 1: 0, 2: 0, 3: 0, 4: 0}",1
9,True,"{'a': 0, 'e': 0}",20,14,10.968725863782094,"{0: 6, 1: 0, 2: 0, 3: 0, 4: 0}",1
10,True,"{'a': 0, 'e': 0}",20,0,26.920554788782205,"{0: 20, 1: 0, 2: 0, 3: 0, 4: 0}",1
11,True,"{'a': 0, 'e': 0}",30,16,26.02750595561873,"{0: 14, 1: 0, 2: 0, 3: 0, 4: 0}",1
12,True,"{'a': 0, 'e': 0}",20,0,26.002736732225657,"{0: 20, 1: 0, 2: 0, 3: 0, 4: 0}",0
13,True,"{'a': 0, 'e': 0}",25,17,14.089678675046333,"{0: 8, 1: 0, 2: 0, 3: 0, 4: 0}",1
14,True,"{'a': 0, 'e': 0}",25,16,16.50661675276312,"{0: 9, 1: 0, 2: 0, 3: 0, 4: 0}",1
15,True,"{'a': 0, 'e': 0}",20,0,33.62284222327522,"{0: 20, 1: 0, 2: 0, 3: 0, 4: 0}",0
16,True,"{'a': 0, 'e': 0}",20,9,20.599066586106108,"{0: 11, 1: 0, 2: 0, 3: 0, 4: 0}",1
17,True,"{'a': 0, 'e': 0}",25,7,36.81038196909309,"{0: 18, 1: 0, 2: 0, 3: 0, 4: 0}",1
18,True,"{'a': 0, 'e': 0}",20,8,22.59183103457253,"{0: 12, 1: 0, 2: 0, 3: 0, 4: 0}",1
19,True,"{'a': 0, 'e': 0}",25,13,20.000947488079266,"{0: 12, 1: 0, 2: 0, 3: 0, 4: 0}",1
20,True,"{'a': 0, 'e': 0}",25,0,39.26240546659235,"{0: 25, 1: 0, 2: 0, 3: 0, 4: 0}",0
21,True,"{'a': 0, 'e': 0}",30,13,28.17954732773634,"{0: 17, 1: 0, 2: 0, 3: 0, 4: 0}",1
22,True,"{'a': 0, 'e': 0}",20,11,15.619621399014111,"{0: 9, 1: 0, 2: 0, 3: 0, 4: 0}",1
23,True,"{'a': 0, 'e': 0}",25,15,16.95725269848884,"{0: 10, 1: 0, 2: 0, 3: 0, 4: 0}",1
24,True,"{'a': 0, 'e': 0}",30,8,40.42876925575067,"{0: 22, 1: 0, 2: 0, 3: 0, 4: 0}",1
25,True,"{'a': 0, 'e': 0}",20,9,20.068670799541053,"{0: 11, 1: 0, 2: 0, 3: 0, 4: 0}",1
26,True,"{'a': 0, 'e': 0}",25,17,15.594671279913001,"{0: 8, 1: 0, 2: 0, 3: 0, 4: 0}",1
27,True,"{'a': 0, 'e': 0}",25,5,31.75645816113971,"{0: 20, 1: 0, 2: 0, 3: 0, 4: 0}",1
28,True,"{'a': 0, 'e': 0}",20,3,28.93872270355617,"{0: 17, 1: 0, 2: 0, 3: 0, 4: 0}",1
29,True,"{'a': 0, 'e': 0}",20,0,28.196994192823954,"{0: 20, 1: 0, 2: 0, 3: 0, 4: 0}",0
30,True,"{'a': 0, 'e': 0}",25,8,26.801523054511758,"{0: 17, 1: 0, 2: 0, 3: 0, 4: 0}",1
